{
    "parent": "item/bow",
    "textures": {
        "layer0": "1_splatus:item/endlight_resting"
    },
    "display": {
        "thirdperson_righthand": {
            "rotation": [ 0, -90, 55 ],
            "translation": [ 0, -3.25, 0.5 ],
            "scale": [ 1.09, 1.09, 1.09 ]
        },
        "thirdperson_lefthand": {
            "rotation": [ 0, 90, -55 ],
            "translation": [ 0, -4, 0.5 ],
            "scale": [ 1.09, 1.09, 1.09 ]
        },
        "firstperson_righthand": {
            "rotation": [ 0, -90, 25 ],
            "translation": [ 1.13, 1.2, 1.13 ],
            "scale": [ 1.09, 1.09, 1.09 ]
        },
        "firstperson_lefthand": {
            "rotation": [ 0, 90, -25 ],
            "translation": [ 1.13, 1.2, 1.13 ],
            "scale": [ 1.09, 1.09, 1.09 ]
        }
    }
}