{
  "parent": "minecraft:item/handheld",
  "textures": {
    "layer0": "minecraft:item/iron_sword"
  },
  "overrides": [
    { "predicate": {"custom_model_data": 9991}, "model": "item/silver_sword"},
    { "predicate": {"custom_model_data": 9992}, "model": "item/dark_hammer"},
    { "predicate": {"custom_model_data": 9993}, "model": "item/scimitar"},
    {
      "predicate": {
        "custom_model_data": 47001
      },
      "model": "1_splatus:item/end_excalibur"
    },
    {
      "predicate": {
        "custom_model_data": 47002
      },
      "model": "1_splatus:item/end_excalibur_ready"
    },
    {
      "predicate": {
        "custom_model_data": 47003
      },
      "model": "1_splatus:item/end_excalibur_ready_loop"
    },
    {
      "predicate": {
        "custom_model_data": 47999
      },
      "model": "1_splatus:item/delete"
    }
  ]
}