{
	"credit": "Made with Blockbench",
	"textures": {
		"0": "block/jewelry_station",
		"1": "block/jewelry_station_side",
		"2": "block/jewelry_station_top",
		"particle": "block/jewelry_station"
	},
	"elements": [
		{
			"from": [-0.2, 9.9, -0.1],
			"to": [16.02, 16.02, 16.02],
			"faces": {
				"north": {"uv": [0, 0, 16, 6], "texture": "#1"},
				"east": {"uv": [0, 10, 16, 16], "texture": "#0"},
				"south": {"uv": [0, 0, 16, 6], "texture": "#1"},
				"west": {"uv": [0, 10, 16, 16], "texture": "#0"},
				"up": {"uv": [0, 0, 16, 16], "texture": "#2"},
				"down": {"uv": [0, 0, 16, 16], "texture": "#0"}
			}
		},
		{
			"from": [3.8, 1.9, 1.89],
			"to": [12.02, 10.02, 14.03],
			"faces": {
				"north": {"uv": [0, 8, 8, 16], "texture": "#0"},
				"east": {"uv": [0, 0, 16, 16], "texture": "#0"},
				"south": {"uv": [0, 8, 8, 16], "texture": "#0"},
				"west": {"uv": [0, 0, 16, 16], "texture": "#0"},
				"up": {"uv": [0, 0, 16, 16], "texture": "#0"},
				"down": {"uv": [0, 0, 16, 16], "texture": "#0"}
			}
		},
		{
			"from": [0.93515, 2.48544, 1.9],
			"to": [6.05515, 12.70544, 14.02],
			"rotation": {"angle": 22.5, "axis": "z", "origin": [3.99515, 9.59544, 7.96]},
			"faces": {
				"north": {"uv": [0, 8, 4, 16], "rotation": 270, "texture": "#0"},
				"east": {"uv": [0, 0, 9, 16], "rotation": 90, "texture": "#0"},
				"south": {"uv": [0, 8, 4, 16], "rotation": 90, "texture": "#0"},
				"west": {"uv": [0, 0, 12, 16], "rotation": 90, "texture": "#0"},
				"up": {"uv": [0, 0, 16, 16], "rotation": 90, "texture": "#0"},
				"down": {"uv": [0, 0, 16, 16], "rotation": 90, "texture": "#0"}
			}
		},
		{
			"from": [10.94485, 2.48544, 1.9],
			"to": [15.06485, 11.70544, 14.02],
			"rotation": {"angle": -22.5, "axis": "z", "origin": [12.00485, 9.59544, 7.96]},
			"faces": {
				"north": {"uv": [0, 16, 4, 8], "rotation": 270, "texture": "#0"},
				"east": {"uv": [0, 16, 9, 0], "rotation": 90, "texture": "#0"},
				"south": {"uv": [0, 16, 4, 8], "rotation": 90, "texture": "#0"},
				"west": {"uv": [0, 16, 16, 0], "rotation": 90, "texture": "#0"},
				"up": {"uv": [0, 16, 16, 0], "rotation": 90, "texture": "#0"},
				"down": {"uv": [0, 16, 16, 0], "rotation": 90, "texture": "#0"}
			}
		},
		{
			"from": [1.8, -0.1, 1.9],
			"to": [14.02, 2.02, 14.02],
			"faces": {
				"north": {"uv": [0, 14, 16, 16], "texture": "#0"},
				"east": {"uv": [0, 14, 16, 16], "texture": "#0"},
				"south": {"uv": [0, 14, 16, 16], "texture": "#0"},
				"west": {"uv": [0, 14, 16, 16], "texture": "#0"},
				"up": {"uv": [0, 4, 12, 16], "texture": "#0"},
				"down": {"uv": [0, 4, 12, 16], "texture": "#0"}
			}
		}
	],
	"display": {
		"thirdperson_righthand": {
			"rotation": [75, 45, 0],
			"translation": [0, 2.5, 0],
			"scale": [0.375, 0.375, 0.375]
		},
		"thirdperson_lefthand": {
			"rotation": [75, 45, 0],
			"translation": [0, 2.5, 0],
			"scale": [0.375, 0.375, 0.375]
		},
		"firstperson_righthand": {
			"rotation": [0, 45, 0],
			"scale": [0.4, 0.4, 0.4]
		},
		"firstperson_lefthand": {
			"rotation": [0, 225, 0],
			"scale": [0.4, 0.4, 0.4]
		},
		"ground": {
			"translation": [0, -2, 0],
			"scale": [0.25, 0.25, 0.25]
		},
		"gui": {
			"rotation": [30, 225, 0],
			"scale": [0.625, 0.625, 0.625]
		},
		"fixed": {
			"rotation": [-90, 0, 0],
			"translation": [0, 0, -16],
			"scale": [2, 2, 2]
		}
	}
}