{
  "parent": "minecraft:block/cube_directional",
  "textures": {
    "particle": "minecraft:block/jigsaw_top",
    "north": "minecraft:block/jigsaw_top",
    "south": "minecraft:block/jigsaw_bottom",
    "east": "minecraft:block/jigsaw_side",
    "west": "minecraft:block/jigsaw_side",
    "up": "minecraft:block/jigsaw_lock",
    "down": "minecraft:block/jigsaw_side"
  },

  "overrides": [
   { "predicate": {"custom_model_data": 1100}, "model": "item/gem/ruby"},
   { "predicate": {"custom_model_data": 1101}, "model": "item/gem/emerald_gem"},
   { "predicate": {"custom_model_data": 1102}, "model": "item/gem/amethyst_gem"},
   { "predicate": {"custom_model_data": 1103}, "model": "item/gem/topaz_gem"},
   { "predicate": {"custom_model_data": 1104}, "model": "item/gem/quartz_gem"},
   { "predicate": {"custom_model_data": 1105}, "model": "item/gem/sapphire_gem"},
   { "predicate": {"custom_model_data": 1106}, "model": "item/gem/diamond_gem"}
  ]
}