{
  "parent": "minecraft:item/handheld",
  "textures": {
    "layer0": "minecraft:item/stone_sword"
  },
"overrides": [
  {
      "predicate": {
        "custom_model_data": 47004
      },
      "model": "1_splatus:item/blazing_sword"
    },
    {
      "predicate": {
        "custom_model_data": 47005
      },
      "model": "1_splatus:item/blazing_sword_extinguish"
    },
    {
      "predicate": {
        "custom_model_data": 47006
      },
      "model": "1_splatus:item/cursed_sea_blade"
    },
    {
      "predicate": {
        "custom_model_data": 47014
      },
      "model": "1_splatus:item/windswept"
    },
    {
      "predicate": {
        "custom_model_data": 47015
      },
      "model": "1_splatus:item/withering_sword"
    },
    {
      "predicate": {
        "custom_model_data": 47020
        
      },
      "model": "1_splatus:item/evokers_wrath"
    },
    {
      "predicate": {
        "custom_model_data": 47021
        
      },
      "model": "1_splatus:item/evokers_wrath_ready"
    },
    { "predicate": {"custom_model_data": 9991}, "model": "item/serrated_sword"}
    
    
  
]
}